Id_pozycji,Dzial,Rodzial,Grupa,Paragraf,P4,PL,ZA,WW,ZO
0,801,,1300,302,0,11420.00,5439.95,5439.95,
1,801,,1400,401,0,663000.00,663000.00,285814.07,13085.96
2,801,,1400,404,0,58000.00,41125.90,41125.90,
3,801,,1400,411,0,459320.00,459320.00,224485.67,35577.31
4,801,,1400,412,0,62196.00,62196.00,23635.61,3877.30
5,801,,1400,417,0,25000.00,25000.00,23034.60,490.60
6,801,,1100,421,0,59595.00,37416.65,36744.60,
7,801,,1100,424,0,20362.00,1527.90,1527.90,
8,801,,1100,426,0,161700.00,78620.68,78238.08,
9,801,,1100,427,0,21120.00,,,
10,801,,1100,428,0,10780.00,420.00,420.00,
11,801,,1100,430,0,46510.00,36174.83,35325.64,
12,801,,1100,436,0,5390.00,1127.07,1127.07,
13,801,,1100,441,0,2150.00,,,
14,801,,1100,444,0,187057.00,187057.00,150263.00,
15,801,,1100,470,0,4300.00,2769.47,2769.47,
16,801,,1400,471,0,50000.00,50000.00,15.17,
17,801,,1400,479,0,1884207.00,1884207.00,937228.21,48283.34
18,801,,1400,480,0,159800.00,138121.47,138121.47,
19,801,,1400,411,0,20300.00,20300.00,13904.65,2136.76
20,801,,1400,412,0,3200.00,3200.00,1203.45,224.34
21,801,,1100,421,0,5550.00,30.00,30.00,
22,801,,1100,444,0,7972.00,7972.00,6737.00,
23,801,,1400,471,0,100.00,100.00,,
24,801,,1400,479,0,120000.00,120000.00,79546.07,3710.70
25,801,,1400,480,0,10200.00,4778.10,4778.10,
26,801,,1100,430,0,4479.00,,,
27,801,,1100,470,0,7465.00,2767.00,2767.00,
28,801,,1300,302,0,3340.00,,,
29,801,,1400,401,0,192000.00,192000.00,97497.95,3495.79
30,801,,1400,404,0,17600.00,14153.56,14153.56,
31,801,,1400,411,0,30500.00,30500.00,19389.50,1386.06
32,801,,1400,412,0,6000.00,6000.00,1682.51,168.19
33,801,,1100,421,0,2000.00,1501.25,1501.25,
34,801,,1100,422,0,120000.00,93721.08,93721.08,
35,801,,1100,444,0,6652.00,6652.00,5000.00,
36,801,,1400,471,0,4000.00,4000.00,,
37,854,,1300,324,0,4960.00,4960.00,4960.00,
38,801,,1300,302,0,5545.00,2751.00,2751.00,
39,801,,1400,401,0,581373.00,581373.00,216294.29,10317.66
40,801,,1400,404,0,40611.00,36970.91,36970.91,
41,801,,1400,411,0,418133.00,418133.00,178302.69,28263.86
42,801,,1400,412,0,55669.00,55669.00,18423.99,3276.52
43,801,,1100,414,0,5748.00,2931.00,2931.00,
44,801,,1400,417,0,5000.00,5000.00,,
45,801,,1100,421,0,36687.00,16505.56,16505.56,
46,801,,1100,424,0,4101.00,386.83,386.83,
47,801,,1100,426,0,183303.00,108122.38,108122.38,
48,801,,1100,427,0,13142.00,4700.00,4700.00,
49,801,,1100,428,0,1574.00,890.00,890.00,
50,801,,1100,430,0,43839.00,32325.12,30273.60,2051.52
51,801,,1100,436,0,5725.00,1747.23,1747.23,
52,801,,1100,441,0,1352.00,110.40,110.40,
53,801,,1100,444,0,153654.00,153654.00,116513.42,
54,801,,1100,470,0,1729.00,400.00,400.00,
55,801,,1400,471,0,31986.00,31986.00,637.96,
56,801,,1400,479,0,1663551.00,1663551.00,696953.91,38426.08
57,801,,1400,480,0,132371.00,128099.93,128099.93,
58,801,,1400,411,0,28854.00,28854.00,13409.46,422.50
59,801,,1400,412,0,3428.00,3428.00,199.29,36.72
60,801,,1100,444,0,7872.00,7872.00,5903.90,
61,801,,1400,471,0,900.00,900.00,436.27,
62,801,,1400,479,0,161794.00,161794.00,61383.63,3031.65
63,801,,1400,480,0,10992.00,10391.10,10391.10,
64,801,,1100,430,0,3808.00,,,
65,801,,1100,470,0,6347.00,4269.20,4269.20,
66,801,,1300,302,0,665.00,,,
67,801,,1400,401,0,161515.00,161515.00,60057.21,3123.66
68,801,,1400,404,0,11529.00,11229.83,11229.83,
69,801,,1400,411,0,26102.00,26102.00,11390.66,2210.07
70,801,,1400,412,0,4456.00,4456.00,1631.96,316.64
71,801,,1100,422,0,113000.00,57873.53,57873.53,
72,801,,1100,428,0,244.00,50.00,50.00,
73,801,,1100,444,0,4989.00,4989.00,3741.68,
74,801,,1400,471,0,2556.00,2556.00,,
75,801,,1400,411,0,2500.00,2500.00,506.07,149.38
76,801,,1400,412,0,500.00,500.00,72.50,21.40
77,801,,1400,479,0,15000.00,15000.00,3555.61,277.62
78,854,,1300,324,0,1488.00,1488.00,1488.00,
79,801,,1300,302,0,9000.00,3235.19,3235.19,
80,801,,1400,401,0,711414.00,711414.00,320825.11,15140.94
81,801,,1400,404,0,60811.00,51911.90,51911.90,
82,801,,1400,411,0,443701.00,443701.00,205556.79,37907.13
83,801,,1400,412,0,59889.00,59889.00,19706.66,3823.51
84,801,,1400,417,0,5200.00,5200.00,,
85,801,,1100,421,0,64895.00,27947.53,27947.53,
86,801,,1100,424,0,9863.00,,,
87,801,,1100,426,0,240000.00,148903.84,148903.84,
88,801,,1100,427,0,16943.00,5264.63,5264.63,
89,801,,1100,428,0,8700.00,1697.00,1697.00,
90,801,,1100,430,0,50704.00,26076.30,26076.30,
91,801,,1100,436,0,8408.00,2476.53,2476.53,
92,801,,1100,441,0,2328.00,46.00,46.00,
93,801,,1100,444,0,179399.00,179399.00,134550.00,
94,801,,1100,448,0,665.00,,,
95,801,,1100,470,0,3436.00,,,
96,801,,1400,471,0,10000.00,10000.00,2193.86,
97,801,,1400,479,0,1847300.00,1847300.00,859601.31,44178.45
98,801,,1400,480,0,140571.00,140570.84,140570.84,
99,801,,1400,411,0,21600.00,21600.00,10008.02,1850.27
100,801,,1400,412,0,3500.00,3500.00,1417.26,263.65
101,801,,1100,444,0,6700.00,6700.00,5025.00,
102,801,,1400,471,0,100.00,100.00,4.71,
103,801,,1400,479,0,127500.00,127500.00,66905.52,2776.77
104,801,,1400,480,0,10800.00,9569.93,9569.93,
105,801,,1100,430,0,4569.00,1384.00,1384.00,
106,801,,1100,470,0,7615.00,659.00,659.00,
107,801,,1300,302,0,3100.00,462.94,462.94,
108,801,,1400,401,0,260158.00,260158.00,111060.39,5399.63
109,801,,1400,404,0,22298.00,15249.84,15249.84,
110,801,,1400,411,0,40155.00,40155.00,20242.36,1205.25
111,801,,1400,412,0,7043.00,7043.00,2000.17,364.91
112,801,,1100,421,0,1219.00,393.71,393.71,
113,801,,1100,422,0,230000.00,123287.07,123287.07,
114,801,,1100,444,0,9147.00,9147.00,6861.00,
115,801,,1400,471,0,1000.00,1000.00,,
116,801,,1400,411,0,30500.00,30500.00,11475.33,1765.96
117,801,,1400,412,0,4400.00,4400.00,1401.74,208.42
118,801,,1100,444,0,9380.00,9380.00,7035.00,
119,801,,1400,479,0,164500.00,164500.00,68438.05,2954.98
120,801,,1400,480,0,13900.00,9105.16,9105.16,
121,854,,1300,324,0,6200.00,6200.00,6200.00,
122,801,,1300,302,0,10380.00,5637.48,5637.48,
123,801,,1400,401,0,821000.00,821000.00,399585.95,15582.87
124,801,,1400,404,0,67000.00,54354.73,54354.73,
125,801,,1400,411,0,689418.00,689418.00,327505.69,55776.62
126,801,,1400,412,0,92792.00,92792.00,34196.20,5885.99
127,801,,1100,414,0,300.00,,,
128,801,,1400,417,0,4180.00,4180.00,,
129,801,,1100,421,0,51053.00,33425.49,33425.49,
130,801,,1100,424,0,4460.00,1419.04,1419.04,
131,801,,1100,426,0,273060.00,83175.35,83175.35,
132,801,,1100,427,0,5440.00,1968.00,1968.00,
133,801,,1100,428,0,4880.00,1050.00,1050.00,
134,801,,1100,430,0,68740.00,39893.47,39893.47,
135,801,,1100,436,0,4510.00,1483.85,1483.85,
136,801,,1100,441,0,743.00,290.00,290.00,
137,801,,1100,444,0,195027.00,195027.00,146270.25,
138,801,,1100,470,0,2810.00,98.00,98.00,
139,801,,1400,471,0,62000.00,62000.00,2352.64,383.34
140,801,,1400,479,0,3027716.00,3027716.00,1323758.14,73103.76
141,801,,1400,480,0,248000.00,224319.25,224319.25,
142,801,,1400,411,0,46000.00,46000.00,23584.25,3029.78
143,801,,1400,412,0,8000.00,8000.00,2225.19,328.90
144,801,,1100,444,0,13399.00,13399.00,10049.25,
145,801,,1400,471,0,200.00,200.00,,
146,801,,1400,479,0,277000.00,277000.00,123263.78,5213.24
147,801,,1400,480,0,20000.00,17418.33,17418.33,
148,801,,1100,430,0,6584.00,,,
149,801,,1100,470,0,10974.00,5680.00,5680.00,
150,801,,1300,302,0,2550.00,1363.00,1363.00,
151,801,,1400,401,0,260000.00,260000.00,126431.43,5025.23
152,801,,1400,404,0,22000.00,15632.76,15632.76,
153,801,,1400,411,0,43000.00,43000.00,24284.15,3667.75
154,801,,1400,412,0,7300.00,7300.00,2721.12,417.05
155,801,,1100,422,0,190000.00,98621.77,98621.77,
156,801,,1100,428,0,330.00,,,
157,801,,1100,444,0,8315.00,8315.00,6236.25,
158,801,,1400,471,0,4500.00,4500.00,,
159,801,,1400,411,0,28600.00,28600.00,14389.02,2386.71
160,801,,1400,412,0,4080.00,4080.00,2043.76,340.17
161,801,,1400,471,0,2500.00,2500.00,,
162,801,,1400,479,0,166600.00,166600.00,83943.77,3988.90
163,854,,1300,324,0,11408.00,11408.00,11408.00,
164,801,,1300,302,0,24700.00,3333.05,3333.05,
165,801,,1400,401,0,1219930.00,1219930.00,603158.07,28757.02
166,801,,1400,404,0,85800.00,82690.46,82690.46,
167,801,,1400,411,0,1161283.00,1161283.00,540560.99,64964.93
168,801,,1400,412,0,155777.00,155777.00,46514.61,7222.10
169,801,,1400,417,0,4000.00,4000.00,,
170,801,,1100,421,0,142972.00,84920.98,84920.98,
171,801,,1100,424,0,32706.00,6006.28,6006.28,
172,801,,1100,426,0,496378.00,403721.67,403721.67,
173,801,,1100,427,0,45618.00,18609.90,9311.10,
174,801,,1100,428,0,5209.00,2200.00,2200.00,
175,801,,1100,430,0,110395.00,78556.08,58853.89,3304.41
176,801,,1100,436,0,7724.00,3380.81,2716.58,
177,801,,1100,439,0,1417.00,,,
178,801,,1100,441,0,3812.00,377.50,377.50,
179,801,,1100,444,0,389977.00,389977.00,292482.38,
180,801,,1100,448,0,1108.00,913.00,913.00,
181,801,,1100,453,0,554.00,,,
182,801,,1100,470,0,4219.00,693.00,693.00,
183,801,,1400,471,0,15000.00,15000.00,5428.16,
184,801,,1400,479,0,5245250.00,5245250.00,2300776.52,104310.15
185,801,,1400,480,0,329200.00,326946.76,326946.76,
186,801,,1300,302,0,694.00,,,
187,801,,1400,411,0,46607.00,46607.00,24309.60,3378.48
188,801,,1400,412,0,7070.00,7070.00,1896.89,296.78
189,801,,1100,428,0,247.00,70.00,70.00,
190,801,,1100,444,0,13399.00,13399.00,10049.19,
191,801,,1400,479,0,265630.00,265630.00,128447.32,5428.85
192,801,,1400,480,0,22950.00,17981.56,17981.56,
193,801,,1100,430,0,13876.00,3860.00,3860.00,
194,801,,1100,470,0,23127.00,3903.00,3903.00,
195,801,,1300,302,0,3114.00,211.68,211.68,
196,801,,1400,401,0,371779.00,371779.00,234164.03,8018.57
197,801,,1400,404,0,24480.00,23200.67,23200.67,
198,801,,1400,411,0,65470.00,65470.00,34086.11,5583.42
199,801,,1400,412,0,10198.00,10198.00,3948.40,795.78
200,801,,1100,421,0,14657.00,2302.76,2302.76,
201,801,,1100,422,0,601000.00,293999.22,293999.22,
202,801,,1100,426,0,1207.00,210.00,210.00,
203,801,,1100,428,0,484.00,,,
204,801,,1100,430,0,7031.00,3025.17,2673.09,352.08
205,801,,1100,444,0,11641.00,11641.00,8730.59,
206,801,,1400,411,0,201860.00,201860.00,109645.48,8941.93
207,801,,1400,412,0,28770.00,28770.00,11668.71,1657.77
208,801,,1100,444,0,50849.00,50849.00,38136.67,
209,801,,1400,471,0,9000.00,9000.00,1332.72,
210,801,,1400,479,0,1039290.00,1039290.00,518495.64,25507.23
211,801,,1400,480,0,135000.00,127133.83,127133.83,
212,854,,1300,324,0,33976.00,33976.00,33976.00,
213,801,,1300,302,0,14162.00,9900.63,9900.63,
214,801,,1400,401,0,818656.00,818656.00,391354.49,16766.64
215,801,,1400,404,0,52000.00,48701.67,48701.67,
216,801,,1400,411,0,494815.00,494815.00,267321.71,41770.68
217,801,,1400,412,0,66301.00,66301.00,27309.26,5391.18
218,801,,1400,417,0,16925.00,16925.00,4690.42,110.18
219,801,,1100,421,0,66827.00,17980.51,17980.51,
220,801,,1100,424,0,11308.00,67.74,67.74,
221,801,,1100,426,0,237160.00,153390.48,153390.48,
222,801,,1100,427,0,54000.00,6164.25,6164.25,
223,801,,1100,428,0,4312.00,385.00,385.00,
224,801,,1100,430,0,46726.00,20099.67,20099.67,
225,801,,1100,436,0,2824.00,862.11,862.11,
226,801,,1100,441,0,2264.00,205.44,205.44,
227,801,,1100,444,0,196952.00,196952.00,147714.00,
228,801,,1100,448,0,347.00,,,
229,801,,1100,470,0,4517.00,300.00,300.00,
230,801,,1400,471,0,2000.00,2000.00,,
231,801,,1400,479,0,1968198.00,1968198.00,1037464.65,62479.64
232,801,,1400,480,0,145450.00,143426.66,143426.66,
233,801,,1400,411,0,31397.00,31397.00,14649.10,1540.67
234,801,,1400,412,0,4760.00,4760.00,1097.26,
235,801,,1100,444,0,10408.00,10408.00,7806.00,
236,801,,1400,479,0,179780.00,179780.00,61721.10,2535.40
237,801,,1400,480,0,14500.00,14190.10,14190.10,
238,801,,1100,430,0,4817.00,,,
239,801,,1100,470,0,8029.00,150.00,150.00,
240,801,,1400,411,0,8580.00,8580.00,5430.47,
241,801,,1400,412,0,1223.00,1223.00,773.96,
242,801,,1400,479,0,49633.00,49633.00,31590.89,
243,854,,1300,324,0,11656.00,11656.00,11656.00,
244,926,,1400,417,0,29900.00,29900.00,25900.00,
245,926,,1100,430,0,17300.00,17263.80,17263.80,
246,801,,1300,302,0,17000.00,9300.00,9300.00,
247,801,,1400,401,0,1105000.00,1105000.00,524407.03,3171.00
248,801,,1400,404,0,77000.00,69096.75,69096.75,
249,801,,1400,411,0,982069.00,982069.00,458025.84,77692.61
250,801,,1400,412,0,132089.00,132089.00,43482.94,7569.75
251,801,,1100,414,0,400.00,,,
252,801,,1400,417,0,7000.00,7000.00,,
253,801,,1100,421,0,112764.00,71146.91,71146.91,
254,801,,1100,424,0,17200.00,6598.49,6598.49,
255,801,,1100,426,0,480000.00,162786.34,162786.34,
256,801,,1100,427,0,40000.00,24650.52,12346.56,
257,801,,1100,428,0,4500.00,290.00,290.00,
258,801,,1100,430,0,130000.00,85985.56,63916.36,
259,801,,1100,436,0,12000.00,2622.14,2622.14,
260,801,,1100,441,0,1200.00,172.50,172.50,
261,801,,1100,444,0,350620.00,350620.00,262965.00,
262,801,,1100,448,0,1000.00,319.00,319.00,
263,801,,1100,453,0,5000.00,,,
264,801,,1100,470,0,4300.00,1060.05,1060.05,
265,801,,1400,471,0,20013.00,20013.00,2384.73,
266,801,,1400,479,0,4348565.00,4348565.00,2099922.14,53258.47
267,801,,1400,480,0,343000.00,328815.89,328815.89,
268,801,,1400,411,0,50700.00,50700.00,32762.44,2079.48
269,801,,1400,412,0,8200.00,8200.00,3126.94,523.85
270,801,,1100,444,0,16750.00,16750.00,12562.50,
271,801,,1400,479,0,304200.00,304200.00,165106.20,1307.00
272,801,,1400,480,0,27000.00,23688.50,23688.50,
273,801,,1100,430,0,9990.00,4879.20,4879.20,
274,801,,1100,470,0,16650.00,6213.00,6213.00,
275,801,,1300,302,0,1720.00,,,
276,801,,1400,401,0,365000.00,365000.00,225801.41,1207.00
277,801,,1400,404,0,27000.00,25089.81,25089.81,
278,801,,1400,411,0,64700.00,64700.00,36459.26,5853.60
279,801,,1400,412,0,10700.00,10700.00,2497.22,389.54
280,801,,1100,422,0,700000.00,391161.14,391161.14,
281,801,,1100,428,0,800.00,,,
282,801,,1100,430,0,6500.00,1056.24,1056.24,
283,801,,1100,444,0,13310.00,13310.00,9982.50,
284,801,,1400,411,0,90000.00,90000.00,50264.02,8896.70
285,801,,1400,412,0,13000.00,13000.00,7201.57,1274.67
286,801,,1100,421,0,3200.00,838.11,838.11,
287,801,,1100,424,0,4300.00,972.50,972.50,
288,801,,1400,479,0,480000.00,480000.00,295837.65,5387.00
289,801,,1400,480,0,47000.00,44744.33,44744.33,
290,854,,1300,324,0,27032.00,27032.00,27032.00,
291,926,,1300,302,0,2300.00,,,
292,926,,1400,401,0,215000.00,215000.00,111053.07,507.00
293,926,,1400,404,0,20000.00,18877.56,18877.56,
294,926,,1400,411,0,53800.00,53800.00,22596.32,362.58
295,926,,1400,412,0,7700.00,7700.00,3004.30,425.28
296,926,,1100,421,0,26400.00,,,
297,926,,1100,426,0,710000.00,479556.60,479556.60,
298,926,,1100,430,0,24200.00,2736.94,2736.94,
299,926,,1100,444,0,8320.00,8320.00,6240.00,
300,926,,1400,471,0,1000.00,1000.00,,
301,801,,1300,302,0,10280.00,9803.89,9803.89,
302,801,,1400,401,0,674540.00,673221.42,658989.84,14231.58
303,801,,1400,404,0,48295.00,48276.23,48276.23,48701.67
304,801,,1400,411,0,475031.00,471238.45,435647.68,68617.59
305,801,,1400,412,0,49145.00,47858.82,43456.56,7730.56
306,801,,1400,417,0,12700.00,10278.20,10154.20,124.00
307,801,,1100,421,0,59404.00,59404.00,59404.00,
308,801,,1100,424,0,10490.00,10489.38,10489.38,
309,801,,1100,426,0,235000.00,231926.79,187179.20,44747.59
310,801,,1100,427,0,23000.00,20667.29,20359.79,307.50
311,801,,1100,428,0,5000.00,4295.00,4295.00,
312,801,,1100,430,0,51260.00,50622.57,50622.57,
313,801,,1100,436,0,2620.00,1774.62,1774.62,
314,801,,1100,441,0,2100.00,99.00,99.00,
315,801,,1100,444,0,184388.00,184388.00,184388.00,
316,801,,1100,448,0,310.00,,,
317,801,,1100,470,0,4190.00,2117.00,2117.00,
318,801,,1400,479,0,1870338.00,1870043.68,1816704.04,53339.64
319,801,,1400,480,0,125450.00,125417.31,125417.31,143426.66
320,801,,1600,605,0,50000.00,49999.99,49999.99,
321,801,,1600,606,0,90000.00,90000.00,90000.00,
322,801,,1400,411,0,31835.00,31119.07,30136.12,3422.25
323,801,,1400,412,0,3120.00,2581.49,2581.49,213.96
324,801,,1100,444,0,8710.00,8710.00,8710.00,
325,801,,1400,479,0,158910.00,156697.60,155207.57,1490.03
326,801,,1400,480,0,12800.00,12783.97,12783.97,14190.10
327,801,,1100,430,0,4222.00,2260.00,2260.00,
328,801,,1100,470,0,7038.00,6990.00,6990.00,
329,801,,1400,411,0,5321.00,5130.37,5130.37,
330,801,,1400,412,0,680.00,680.00,680.00,
331,801,,1400,471,0,99.00,,,
332,801,,1400,479,0,32335.00,29845.11,29845.11,
333,801,,1100,424,0,31454.28,31454.28,31454.28,
334,854,,1300,324,0,6448.00,6448.00,6448.00,
335,801,,1300,302,0,17900.00,17895.92,17895.92,
336,801,,1400,401,0,915187.00,846086.60,846086.60,
337,801,,1400,404,0,60700.00,60671.87,60671.87,69096.75
338,801,,1400,411,0,961912.00,920981.23,864745.42,124278.89
339,801,,1400,412,0,140703.00,90132.15,83281.11,13197.42
340,801,,1400,417,0,7000.00,,,
341,801,,1100,421,0,120630.00,120628.84,120628.84,
342,801,,1100,424,0,52000.00,15389.06,15389.06,
343,801,,1100,426,0,414000.00,294241.20,273772.28,20468.92
344,801,,1100,427,0,32497.00,32276.34,32276.34,
345,801,,1100,428,0,4000.00,2270.00,2270.00,
346,801,,1100,430,0,148150.00,148121.32,148121.32,
347,801,,1100,436,0,9200.00,5310.91,5310.91,
348,801,,1100,441,0,1100.00,818.45,818.45,
349,801,,1100,444,0,357533.00,357532.35,357532.35,
350,801,,1100,448,0,1000.00,143.00,143.00,
351,801,,1100,470,0,4000.00,3132.00,3132.00,
352,801,,1400,471,0,10047.00,4117.70,4117.70,324.70
353,801,,1400,479,0,4368718.00,4174698.33,4075893.23,98805.10
354,801,,1400,480,0,320200.00,320109.01,320109.01,328815.89
355,801,,1600,605,0,40000.00,40000.00,40000.00,
356,801,,1600,606,0,222300.00,222300.00,222300.00,
357,801,,1300,302,0,1000.00,1000.00,1000.00,
358,801,,1400,411,0,52700.00,47693.41,43348.91,8395.23
359,801,,1400,412,0,8000.00,5001.02,4534.11,890.41
360,801,,1100,444,0,17252.00,17251.11,17251.11,
361,801,,1400,471,0,1500.00,,,
362,801,,1400,479,0,286498.00,279626.18,276276.57,3349.61
363,801,,1400,480,0,19500.00,19431.58,19431.58,23688.50
364,801,,1100,430,0,10087.00,6199.20,6199.20,
365,801,,1100,470,0,16813.00,16741.00,16741.00,
366,801,,1300,302,0,1100.00,1057.37,1057.37,
367,801,,1400,401,0,329460.00,324336.82,322012.13,2324.69
368,801,,1400,404,0,21500.00,21456.70,21456.70,25089.81
369,801,,1400,411,0,63100.00,61557.42,56530.23,9317.56
370,801,,1400,412,0,8300.00,4882.53,4552.81,660.47
371,801,,1100,422,0,563000.00,546715.50,546715.50,
372,801,,1100,428,0,700.00,210.00,210.00,
373,801,,1100,444,0,12190.00,12189.57,12189.57,
374,801,,1400,471,0,1000.00,,,
375,801,,1400,411,0,96500.00,96304.68,96304.68,7651.27
376,801,,1400,412,0,14500.00,13771.26,13771.26,1096.24
377,801,,1100,421,0,8000.00,7795.63,7795.63,
378,801,,1100,424,0,4000.00,3974.44,3974.44,
379,801,,1400,479,0,529100.00,527865.97,527865.97,
380,801,,1400,480,0,34500.00,34498.06,34498.06,44744.33
381,801,,1600,606,0,10000.00,10000.00,10000.00,
382,801,,1100,424,0,56768.58,56768.58,56768.58,
383,854,,1300,324,0,28520.00,28520.00,28520.00,
384,926,,1300,302,0,2100.00,597.08,597.08,
385,926,,1400,401,0,251835.00,235919.10,234569.67,1349.43
386,926,,1400,404,0,14900.00,14866.34,14866.34,18877.56
387,926,,1400,411,0,47800.00,43003.13,41069.35,5161.83
388,926,,1400,412,0,6800.00,6207.88,5790.71,879.66
389,926,,1100,421,0,7639.00,2788.30,2788.30,
390,926,,1100,426,0,696000.00,661720.19,577308.78,84411.41
391,926,,1100,430,0,6000.00,3671.51,2527.79,1143.72
392,926,,1100,444,0,8315.00,8314.85,8314.85,
393,926,,1400,471,0,1000.00,,,
394,801,,1300,302,0,11900.00,10847.83,10847.83,
395,801,,1400,401,0,639800.00,621507.31,621507.31,
396,801,,1400,404,0,47078.00,47077.32,47077.32,51911.90
397,801,,1400,411,0,454283.00,438156.60,438156.60,32914.63
398,801,,1400,412,0,54763.00,48029.25,48029.25,3131.59
399,801,,1400,417,0,5200.00,,,
400,801,,1100,421,0,106010.00,74213.99,74213.99,
401,801,,1100,424,0,9150.00,9146.94,9146.94,
402,801,,1100,426,0,241000.00,228010.58,228010.58,
403,801,,1100,427,0,15600.00,14753.73,14753.73,
404,801,,1100,428,0,5000.00,4260.00,4260.00,
405,801,,1100,430,0,73237.00,71021.49,71021.49,
406,801,,1100,436,0,6800.00,5262.43,5262.43,
407,801,,1100,441,0,1160.00,82.60,82.60,
408,801,,1100,444,0,178629.00,172137.97,172137.97,
409,801,,1100,448,0,316.00,,,
410,801,,1100,453,0,500.00,,,
411,801,,1100,470,0,3187.00,1105.00,1105.00,
412,801,,1400,471,0,3000.00,2520.57,2520.57,241.77
413,801,,1400,479,0,1827606.00,1742196.34,1742196.34,
414,801,,1400,480,0,130391.00,130390.69,130390.69,140570.84
415,801,,1600,606,0,80100.00,80100.00,80100.00,
416,801,,1400,411,0,27500.00,24216.40,24216.40,1636.45
417,801,,1400,412,0,3500.00,3102.90,3102.90,234.46
418,801,,1100,444,0,6700.00,6699.46,6699.46,
419,801,,1400,471,0,1000.00,32.85,32.85,
420,801,,1400,479,0,123500.00,113868.44,113868.44,
421,801,,1400,480,0,10333.00,10332.13,10332.13,9569.93
422,801,,1100,430,0,4269.00,1200.00,1200.00,
423,801,,1100,470,0,7116.00,7025.20,7025.20,
424,801,,1300,302,0,1900.00,1714.65,1714.65,
425,801,,1400,401,0,209900.00,202602.29,202602.29,
426,801,,1400,404,0,14450.00,14449.55,14449.55,15249.84
427,801,,1400,411,0,40700.00,37585.56,37585.56,2607.74
428,801,,1400,412,0,6300.00,4073.29,4073.29,284.82
429,801,,1100,421,0,72181.00,72180.15,72180.15,
430,801,,1100,422,0,225000.00,181849.82,181849.82,
431,801,,1100,430,0,14400.00,14400.00,14400.00,
432,801,,1100,444,0,9147.00,9146.33,9146.33,
433,801,,1400,411,0,22000.00,21545.90,21545.90,1556.99
434,801,,1400,412,0,3000.00,2807.15,2807.15,190.22
435,801,,1100,444,0,8040.00,8039.35,8039.35,
436,801,,1400,479,0,124515.00,121353.59,121353.59,
437,801,,1400,480,0,2720.00,2707.26,2707.26,9105.16
438,801,,1100,424,0,28614.96,28614.96,28614.96,
439,854,,1300,324,0,3472.00,3472.00,3472.00,
440,801,,1300,302,0,23141.00,20554.76,20554.76,
441,801,,1400,401,0,1139083.00,1133095.70,1099398.93,33696.77
442,801,,1400,404,0,68080.00,68070.80,68070.80,82690.46
443,801,,1400,411,0,1009136.00,967690.16,902268.62,135838.20
444,801,,1400,412,0,109345.00,87811.56,80564.57,13018.51
445,801,,1400,417,0,2000.00,,,
446,801,,1100,421,0,134000.00,133848.99,133848.99,
447,801,,1100,424,0,51833.00,51767.80,51767.80,
448,801,,1100,426,0,605462.00,572425.71,507128.26,65297.45
449,801,,1100,427,0,75088.00,74892.36,74584.86,307.50
450,801,,1100,428,0,3932.00,3430.00,3430.00,
451,801,,1100,430,0,112805.00,105122.93,100943.28,4179.65
452,801,,1100,436,0,5876.00,5527.44,5527.44,
453,801,,1100,439,0,1316.00,271.79,271.79,
454,801,,1100,441,0,1536.00,394.46,394.46,
455,801,,1100,444,0,348861.00,348860.51,348860.51,
456,801,,1100,448,0,828.00,801.00,801.00,
457,801,,1100,453,0,514.00,,,
458,801,,1100,470,0,3914.00,2049.00,2049.00,
459,801,,1400,471,0,10000.00,8606.62,8606.62,684.45
460,801,,1400,479,0,4451916.00,4281568.73,4182664.81,98903.92
461,801,,1400,480,0,295620.00,295618.46,295618.46,326946.76
462,801,,1600,605,0,20000.00,20000.00,20000.00,
463,801,,1600,606,0,255300.00,255300.00,255300.00,
464,801,,1300,302,0,644.00,270.00,270.00,
465,801,,1400,411,0,54594.00,51807.72,48698.81,6199.93
466,801,,1400,412,0,4453.00,3695.08,3434.50,530.72
467,801,,1100,428,0,229.00,50.00,50.00,
468,801,,1100,444,0,15074.00,15073.78,15073.78,
469,801,,1400,471,0,200.00,0.37,0.37,
470,801,,1400,479,0,285310.00,271910.71,267084.74,4825.97
471,801,,1400,480,0,19400.00,19309.61,19309.61,17981.56
472,801,,1100,430,0,14331.00,2600.00,2600.00,
473,801,,1100,470,0,23886.00,23882.97,23882.97,
474,801,,1300,302,0,1889.00,1163.17,1163.17,
475,801,,1400,401,0,315726.00,314171.09,305076.08,9095.01
476,801,,1400,404,0,21170.00,21162.98,21162.98,23200.67
477,801,,1400,411,0,57540.00,57484.46,51318.01,10154.65
478,801,,1400,412,0,7343.00,6406.83,5768.79,1071.46
479,801,,1100,421,0,14255.00,14249.75,14249.75,
480,801,,1100,422,0,474000.00,432621.93,432621.93,
481,801,,1100,426,0,1120.00,495.00,495.00,
482,801,,1100,428,0,449.00,380.00,380.00,
483,801,,1100,430,0,5341.00,4638.65,4325.45,313.20
484,801,,1100,444,0,13304.00,13303.76,13303.76,
485,801,,1400,471,0,200.00,,,
486,801,,1400,411,0,304688.00,301475.29,291756.35,31573.20
487,801,,1400,412,0,39253.00,37784.19,36203.78,3937.32
488,801,,1100,421,0,42223.20,42223.20,42223.20,
489,801,,1100,444,0,98617.00,98616.05,98616.05,
490,801,,1400,471,0,5424.00,3677.48,3677.48,276.66
491,801,,1400,479,0,1630306.00,1615626.37,1594677.88,20948.49
492,801,,1400,480,0,155020.00,154983.52,154983.52,127133.83
493,801,,1100,424,0,75791.94,75791.94,75791.94,
494,801,,1600,605,0,10000.00,9991.83,9991.83,
495,854,,1300,324,0,18600.00,18600.00,18600.00,
496,801,,1300,302,0,11547.00,11542.63,11542.63,
497,801,,1400,401,0,740000.00,703327.07,689042.44,14284.63
498,801,,1400,404,0,53200.00,53169.21,53169.21,54354.73
499,801,,1400,411,0,580012.00,556812.05,509935.55,94780.59
500,801,,1400,412,0,64431.00,54470.15,49176.72,10096.96
501,801,,1400,417,0,6.00,,,
502,801,,1100,421,0,94107.00,58956.13,58956.13,
503,801,,1100,424,0,19129.00,19125.60,19125.60,
504,801,,1100,426,0,401300.00,395155.80,395155.80,
505,801,,1100,427,0,7808.00,7798.20,7798.20,
506,801,,1100,428,0,4523.00,4384.00,4384.00,
507,801,,1100,430,0,83514.00,79459.16,79459.16,
508,801,,1100,436,0,3084.00,2784.34,2784.34,
509,801,,1100,441,0,689.00,329.40,329.40,
510,801,,1100,444,0,204094.00,204094.00,204094.00,
511,801,,1100,470,0,1506.00,1478.00,1478.00,
512,801,,1400,471,0,6000.00,5085.74,5085.74,392.74
513,801,,1400,479,0,2315317.00,2274575.60,2210018.08,64557.52
514,801,,1400,480,0,217000.00,216934.39,216934.39,224319.25
515,801,,1600,605,0,15000.00,14991.05,14991.05,
516,801,,1600,606,0,139200.00,139200.00,139200.00,
517,801,,1400,411,0,43000.00,40598.48,37201.98,6390.73
518,801,,1400,412,0,6000.00,4652.89,4329.82,655.95
519,801,,1100,444,0,13164.00,13164.00,13164.00,
520,801,,1400,471,0,90.00,24.41,24.41,
521,801,,1400,479,0,249000.00,241245.21,234690.07,6555.14
522,801,,1400,480,0,16450.00,16449.30,16449.30,17418.33
523,801,,1100,430,0,7021.00,,,
524,801,,1100,470,0,11702.00,11702.00,11702.00,
525,801,,1300,302,0,1945.00,1934.89,1934.89,
526,801,,1400,401,0,229000.00,223274.02,218259.81,5014.21
527,801,,1400,404,0,17700.00,17668.16,17668.16,15632.76
528,801,,1400,411,0,46000.00,43306.72,39707.84,6286.13
529,801,,1400,412,0,6400.00,4788.00,4381.41,690.48
530,801,,1100,422,0,220000.00,216143.59,216143.59,
531,801,,1100,428,0,303.00,237.00,237.00,
532,801,,1100,444,0,7350.00,7350.00,7350.00,
533,801,,1400,471,0,70.00,,,
534,801,,1400,411,0,111360.00,111360.00,109062.29,2297.71
535,801,,1400,412,0,15850.00,15850.00,15529.58,320.42
536,801,,1100,421,0,43750.00,43750.00,43750.00,
537,801,,1400,471,0,30.00,,,
538,801,,1400,479,0,601500.00,601500.00,597793.16,3706.84
539,801,,1100,424,0,36367.69,36367.69,36367.69,
540,801,,1300,302,0,11400.00,11346.38,11346.38,
541,801,,1400,401,0,640000.00,628575.59,614798.45,13777.14
542,801,,1400,404,0,33200.00,33133.65,33133.65,41125.90
543,801,,1400,411,0,419789.00,418597.57,389258.45,59990.43
544,801,,1400,412,0,65178.00,44638.57,40411.59,7213.15
545,801,,1400,417,0,73000.00,70884.60,69679.40,1205.20
546,801,,1100,421,0,95607.00,50352.41,50352.41,
547,801,,1100,424,0,25000.00,25000.00,25000.00,
548,801,,1100,426,0,161000.00,154144.85,154144.85,
549,801,,1100,427,0,700.00,645.48,645.48,
550,801,,1100,428,0,5643.00,4070.00,4070.00,
551,801,,1100,430,0,58000.00,57704.96,57704.96,
552,801,,1100,436,0,3000.00,2411.98,2411.98,
553,801,,1100,441,0,2000.00,47.60,47.60,
554,801,,1100,444,0,181846.00,172868.00,172868.00,
555,801,,1100,470,0,4000.00,4000.00,4000.00,
556,801,,1400,471,0,250.00,245.01,245.01,15.17
557,801,,1400,479,0,1747603.00,1729069.41,1679254.84,49814.57
558,801,,1400,480,0,134500.00,134500.00,134500.00,138121.47
559,801,,1600,606,0,76500.00,73500.00,73500.00,
560,801,,1400,411,0,21600.00,19886.51,18140.07,2563.50
561,801,,1400,412,0,2800.00,1979.83,1792.94,303.95
562,801,,1100,421,0,5000.00,5000.00,5000.00,
563,801,,1100,444,0,7437.00,6700.00,6700.00,
564,801,,1400,479,0,125000.00,114981.04,111758.71,3222.33
565,801,,1400,480,0,12700.00,1320.52,1320.52,4778.10
566,801,,1100,430,0,4227.00,1040.00,1040.00,
567,801,,1100,470,0,7045.00,7045.00,7045.00,
568,801,,1300,302,0,1891.00,751.84,751.84,
569,801,,1400,401,0,180480.00,180220.52,178047.76,2172.76
570,801,,1400,404,0,12520.00,12513.45,12513.45,14153.56
571,801,,1400,411,0,35500.00,34143.90,31873.03,4691.13
572,801,,1400,412,0,6000.00,3868.98,3617.77,505.01
573,801,,1100,421,0,3000.00,2994.99,2994.99,
574,801,,1100,422,0,128700.00,127387.54,127387.54,
575,801,,1100,444,0,6652.00,6651.88,6651.88,
576,801,,1100,424,0,25958.79,25958.79,25958.79,
577,854,,1300,324,0,5208.00,5208.00,5208.00,
578,801,,1300,302,0,7739.00,6491.26,6491.26,
579,801,,1400,401,0,499644.00,466838.62,455758.85,11079.77
580,801,,1400,404,0,35510.00,35509.41,35509.41,36970.91
581,801,,1400,411,0,387401.00,362293.91,332194.11,58221.90
582,801,,1400,412,0,47633.00,42512.52,39340.07,6147.31
583,801,,1100,414,0,5140.00,1792.00,1792.00,
584,801,,1400,417,0,5000.00,,,
585,801,,1100,421,0,81637.00,46837.74,46837.74,
586,801,,1100,424,0,52786.00,3568.17,3568.17,
587,801,,1100,426,0,170040.00,162467.46,162467.46,
588,801,,1100,427,0,10800.00,10365.51,10365.51,
589,801,,1100,428,0,1460.00,960.00,960.00,
590,801,,1100,430,0,57802.00,55476.83,55476.83,
591,801,,1100,436,0,4638.00,2811.30,2811.30,
592,801,,1100,441,0,1254.00,564.60,564.60,
593,801,,1100,444,0,150519.00,150518.06,150518.06,
594,801,,1100,470,0,1604.00,872.10,872.10,
595,801,,1400,471,0,12137.00,1128.60,1128.60,89.11
596,801,,1400,479,0,1613022.00,1520639.62,1483319.99,37319.63
597,801,,1400,480,0,122337.00,122336.97,122336.97,127485.96
598,801,,1600,605,0,,,,
599,801,,1600,606,0,72000.00,72000.00,72000.00,
600,801,,1400,411,0,25013.00,23118.21,21047.87,3847.21
601,801,,1400,412,0,1330.00,595.06,563.55,75.70
602,801,,1100,444,0,7102.00,7101.43,7101.43,
603,801,,1400,471,0,1277.00,646.50,646.50,50.63
604,801,,1400,479,0,140947.00,129893.90,126781.43,3112.47
605,801,,1400,480,0,9163.00,9162.18,9162.18,10391.10
606,801,,1100,430,0,3797.00,860.00,860.00,
607,801,,1100,470,0,6328.00,6279.00,6279.00,
608,801,,1300,302,0,617.00,96.36,96.36,
609,801,,1400,401,0,137840.00,127731.49,125046.58,2684.91
610,801,,1400,404,0,10385.00,10384.49,10384.49,11229.83
611,801,,1400,411,0,26359.00,24817.21,22843.40,3894.11
612,801,,1400,412,0,3777.00,3555.62,3272.83,557.91
613,801,,1100,421,0,64000.00,64000.00,64000.00,
614,801,,1100,422,0,75000.00,74987.27,74987.27,
615,801,,1100,426,0,,,,
616,801,,1100,428,0,226.00,170.00,170.00,
617,801,,1100,430,0,16000.00,16000.00,16000.00,
618,801,,1100,444,0,4989.00,4988.91,4988.91,
619,801,,1400,471,0,204.00,,,
620,801,,1400,411,0,2500.00,2171.79,2171.79,
621,801,,1400,412,0,500.00,311.20,311.20,
622,801,,1400,479,0,15000.00,11324.87,11324.87,
623,801,,1100,424,0,21675.06,21675.06,21675.06,
624,854,,1300,324,0,1736.00,1736.00,1736.00,
